{"bul_Cyrl_hplt": {"UPOS": 99.61841770541847, "XPOS": 98.21928262528618, "UFeats": 98.81709488679725, "AllTags": 97.90765708471127, "Lemmas": 96.92190282370899, "UAS": 96.89010429916051, "LAS": 94.79776138387179, "CLAS": 92.78350515463917, "MLAS": 90.43469019024339, "BLEX": 88.05399085981507}}